{
  "profile": {
    "type_code": "IEE",
    "type": "IEE",
    "top_types": [
      {
        "code": "IEE",
        "share": 0.37751556794748914,
        "score": 6.625
      },
      {
        "code": "ILE",
        "share": 0.20206952218773094,
        "score": 6
      },
      {
        "code": "EII",
        "share": 0.19221447529976943,
        "score": 5.949999999999999
      }
    ],
    "strengths": {
      "Ti": 1,
      "Te": 0,
      "Fi": 2.25,
      "Fe": 0,
      "Ni": 0,
      "Ne": 4.5,
      "Si": 0,
      "Se": 1.75
    },
    "type_scores": {
      "LIE": 1.9000000000000001,
      "ILI": 1.9000000000000001,
      "ESE": 1.9000000000000001,
      "SEI": 1.9000000000000001,
      "LII": 4.949999999999999,
      "ILE": 6,
      "ESI": 4.575,
      "SEE": 4.425,
      "LSE": 1.9000000000000001,
      "SLI": 1.9000000000000001,
      "EIE": 1.9000000000000001,
      "IEI": 1.9000000000000001,
      "LSI": 3.575,
      "SLE": 3.8,
      "EII": 5.949999999999999,
      "IEE": 6.625
    },
    "blocks": {
      "likert": {},
      "fc": {}
    },
    "blocks_norm": {
      "Core": 0,
      "Critic": 0,
      "Hidden": 0,
      "Instinct": 0
    },
    "overlay": "0",
    "overlay_neuro": "0",
    "overlay_state": "0",
    "validity": {
      "attention": 0,
      "inconsistency": 0,
      "sd_index": 0,
      "duplicates": 0,
      "state_modifiers": {},
      "required_tag_gaps": []
    },
    "version": "v1.2.1",
    "fc_source": "session"
  },
  "gap_to_second": 0.175,
  "confidence_margin": 0.175,
  "confidence_raw": 0.4262,
  "confidence_calibrated": 0.4262,
  "results_version": "v1.2.1",
  "fc_source": "session"
}